Time (s),ApEn,High Entropy
2.5,0.02685686409544541,True
9.5,0.02370384159486516,True
26.5,0.02503601119622889,True
34.5,0.022435612792132797,True
35.5,0.023542991475719255,True
47.5,0.02517711492143393,True
48.5,0.029473225913816403,True
49.5,0.02852935980542659,True
