Time (s),ApEn,High Entropy
6.5,0.009445655302811495,True
20.5,0.009546448863473334,True
26.5,0.010200660737446299,True
