Time (s),ApEn,High Entropy
16.5,0.030278464532118132,True
17.5,0.030668143844954088,True
18.5,0.031818850251948305,True
32.5,0.03330986393626212,True
41.5,0.03437422592754613,True
43.5,0.03165508296812414,True
44.5,0.03140956825747443,True
46.5,0.03033012917503841,True
